<!DOCTYPE SAFirmwareUpdateConfiguration>
<SAFirmwareUpdateConfiguration version="1.2">
  <file name="dmsc0v_1_5.fw6" deviceType="2" version="3.12.250"/>
  <file name="dmsc_0_4.fw6" deviceType="2" version="3.12.250"/>
  <file name="dmsc_0_5.fw6" deviceType="2" version="3.12.250"/>
  <file name="dmsg0v_1_5.fw6" deviceType="3" version="1.3.45"/>
  <file name="dmsg_0_4.fw6" deviceType="3" version="1.3.45"/>
  <file name="dmsg_0_5.fw6" deviceType="3" version="1.3.45"/>
  <file name="em_0_255.fw6" deviceType="9" version="1.0.12"/>
  <file name="hcm_0_1.fw6" deviceType="5" version="1.4.93"/>
  <file name="hcm_0_2.fw6" deviceType="5" version="1.4.93"/>
  <file name="hcm_4_1.fw6" deviceType="5" version="1.2.46"/>
  <file name="hcm_4_2.fw6" deviceType="5" version="1.2.46"/>
  <file name="imet_0_2.fw6" deviceType="16" version="1.0.16"/>
  <file name="imet_1_2.fw6" deviceType="16" version="1.0.16"/>
  <file name="imrs_0_1.fw6" deviceType="8" version="1.2.44"/>
  <file name="imrs_0_255.fw6" deviceType="8" version="1.2.44"/>
  <file name="imu_0_1.fw6" deviceType="1" version="1.0.35"/>
  <file name="imu_0_255.fw6" deviceType="1" version="1.0.35"/>
</SAFirmwareUpdateConfiguration>
